n_lamp,n_rest,power
1.0,1.0,0.2909090909090909
1.0,2.0,0.4
1.0,3.0,0.32727272727272727
1.0,4.0,0.4
2.0,1.0,0.23636363636363636
2.0,2.0,0.4
2.0,3.0,0.6
2.0,4.0,0.6363636363636364
3.0,1.0,0.2545454545454545
3.0,2.0,0.8
3.0,3.0,0.6363636363636364
3.0,4.0,0.43636363636363634
4.0,1.0,0.41818181818181815
4.0,2.0,0.8
4.0,3.0,0.8
4.0,4.0,0.6
